1.000000000000000000e+00,1.028804302215576172e+00
0.000000000000000000e+00,8.277821540832519531e-02
1.000000000000000000e+00,7.280540466308593750e-02
0.000000000000000000e+00,7.480001449584960938e-02
1.000000000000000000e+00,9.275317192077636719e-02
0.000000000000000000e+00,7.281279563903808594e-02
0.000000000000000000e+00,5.883908271789550781e-02
0.000000000000000000e+00,7.180404663085937500e-02
1.000000000000000000e+00,7.280707359313964844e-02
0.000000000000000000e+00,6.582331657409667969e-02
1.000000000000000000e+00,6.482529640197753906e-02
0.000000000000000000e+00,6.083273887634277344e-02
1.000000000000000000e+00,6.382870674133300781e-02
1.000000000000000000e+00,7.180714607238769531e-02
1.000000000000000000e+00,6.881499290466308594e-02
1.000000000000000000e+00,7.081151008605957031e-02
1.000000000000000000e+00,6.781864166259765625e-02
1.000000000000000000e+00,7.180833816528320312e-02
1.000000000000000000e+00,6.882476806640625000e-02
1.000000000000000000e+00,6.682133674621582031e-02
0.000000000000000000e+00,6.083679199218750000e-02
1.000000000000000000e+00,6.781864166259765625e-02
1.000000000000000000e+00,6.881546974182128906e-02
1.000000000000000000e+00,7.379913330078125000e-02
1.000000000000000000e+00,7.479929924011230469e-02
1.000000000000000000e+00,6.179785728454589844e-02
1.000000000000000000e+00,6.881523132324218750e-02
0.000000000000000000e+00,2.413523197174072266e-01
0.000000000000000000e+00,8.975982666015625000e-02
0.000000000000000000e+00,9.275007247924804688e-02
0.000000000000000000e+00,9.175562858581542969e-02
0.000000000000000000e+00,8.277654647827148438e-02
1.000000000000000000e+00,7.779192924499511719e-02
0.000000000000000000e+00,1.306509971618652344e-01
1.000000000000000000e+00,1.436157226562500000e-01
1.000000000000000000e+00,1.545915603637695312e-01
1.000000000000000000e+00,2.084414958953857422e-01
1.000000000000000000e+00,1.456124782562255859e-01
1.000000000000000000e+00,1.426184177398681641e-01
1.000000000000000000e+00,1.296522617340087891e-01
1.000000000000000000e+00,1.366291046142578125e-01
1.000000000000000000e+00,1.396265029907226562e-01
1.000000000000000000e+00,1.326446533203125000e-01
1.000000000000000000e+00,1.376302242279052734e-01
1.000000000000000000e+00,1.456127166748046875e-01
0.000000000000000000e+00,1.735370159149169922e-01
1.000000000000000000e+00,1.505982875823974609e-01
1.000000000000000000e+00,1.585752964019775391e-01
0.000000000000000000e+00,1.864991188049316406e-01
0.000000000000000000e+00,1.436135768890380859e-01
1.000000000000000000e+00,1.286532878875732422e-01
1.000000000000000000e+00,1.276528835296630859e-01
0.000000000000000000e+00,1.276600360870361328e-01
1.000000000000000000e+00,1.396253108978271484e-01
0.000000000000000000e+00,1.406228542327880859e-01
1.000000000000000000e+00,1.376278400421142578e-01
1.000000000000000000e+00,1.077408790588378906e-01
1.000000000000000000e+00,1.146862506866455078e-01
0.000000000000000000e+00,1.406235694885253906e-01
1.000000000000000000e+00,1.346409320831298828e-01
1.000000000000000000e+00,1.326410770416259766e-01
0.000000000000000000e+00,1.107029914855957031e-01
1.000000000000000000e+00,1.196765899658203125e-01
1.000000000000000000e+00,1.256618499755859375e-01
1.000000000000000000e+00,1.306488513946533203e-01
1.000000000000000000e+00,1.166887283325195312e-01
0.000000000000000000e+00,1.276605129241943359e-01
0.000000000000000000e+00,1.166870594024658203e-01
1.000000000000000000e+00,1.206798553466796875e-01
0.000000000000000000e+00,1.246662139892578125e-01
1.000000000000000000e+00,1.166868209838867188e-01
0.000000000000000000e+00,1.206738948822021484e-01
0.000000000000000000e+00,1.336464881896972656e-01
0.000000000000000000e+00,1.316502094268798828e-01
1.000000000000000000e+00,1.226320266723632812e-01
1.000000000000000000e+00,1.176841259002685547e-01
1.000000000000000000e+00,1.306505203247070312e-01
1.000000000000000000e+00,1.495978832244873047e-01
1.000000000000000000e+00,2.533237934112548828e-01
0.000000000000000000e+00,1.575798988342285156e-01
1.000000000000000000e+00,1.446120738983154297e-01
1.000000000000000000e+00,1.416211128234863281e-01
1.000000000000000000e+00,1.306471824645996094e-01
0.000000000000000000e+00,1.306488513946533203e-01
0.000000000000000000e+00,1.216723918914794922e-01
1.000000000000000000e+00,1.047203540802001953e-01
1.000000000000000000e+00,1.127009391784667969e-01
0.000000000000000000e+00,1.067125797271728516e-01
1.000000000000000000e+00,1.176872253417968750e-01
1.000000000000000000e+00,1.336398124694824219e-01
0.000000000000000000e+00,1.336412429809570312e-01
1.000000000000000000e+00,1.356372833251953125e-01
1.000000000000000000e+00,1.256623268127441406e-01
1.000000000000000000e+00,1.136910915374755859e-01
1.000000000000000000e+00,1.376316547393798828e-01
0.000000000000000000e+00,1.176819801330566406e-01
1.000000000000000000e+00,1.216742992401123047e-01
0.000000000000000000e+00,1.495959758758544922e-01
1.000000000000000000e+00,1.207070350646972656e-01
1.000000000000000000e+00,1.196777820587158203e-01
1.000000000000000000e+00,1.675515174865722656e-01
0.000000000000000000e+00,1.615679264068603516e-01
0.000000000000000000e+00,1.446113586425781250e-01
0.000000000000000000e+00,1.376302242279052734e-01
1.000000000000000000e+00,1.326436996459960938e-01
0.000000000000000000e+00,1.326444149017333984e-01
1.000000000000000000e+00,1.346411705017089844e-01
0.000000000000000000e+00,1.466031074523925781e-01
1.000000000000000000e+00,1.226706504821777344e-01
0.000000000000000000e+00,1.366336345672607422e-01
1.000000000000000000e+00,1.346390247344970703e-01
0.000000000000000000e+00,1.545834541320800781e-01
1.000000000000000000e+00,1.226735115051269531e-01
0.000000000000000000e+00,1.216735839843750000e-01
1.000000000000000000e+00,1.306502819061279297e-01
0.000000000000000000e+00,1.366374492645263672e-01
1.000000000000000000e+00,1.615669727325439453e-01
1.000000000000000000e+00,1.535897254943847656e-01
1.000000000000000000e+00,1.087126731872558594e-01
0.000000000000000000e+00,1.156909465789794922e-01
0.000000000000000000e+00,1.256642341613769531e-01
0.000000000000000000e+00,1.326441764831542969e-01
1.000000000000000000e+00,1.047198772430419922e-01
1.000000000000000000e+00,1.097097396850585938e-01
1.000000000000000000e+00,1.246516704559326172e-01
0.000000000000000000e+00,1.386258602142333984e-01
1.000000000000000000e+00,1.206758022308349609e-01
1.000000000000000000e+00,1.067016124725341797e-01
1.000000000000000000e+00,1.276586055755615234e-01
0.000000000000000000e+00,1.226713657379150391e-01
0.000000000000000000e+00,1.067135334014892578e-01
1.000000000000000000e+00,1.166834831237792969e-01
1.000000000000000000e+00,1.067080497741699219e-01
1.000000000000000000e+00,1.087090969085693359e-01
1.000000000000000000e+00,9.574174880981445312e-02
0.000000000000000000e+00,1.047232151031494141e-01
0.000000000000000000e+00,1.106717586517333984e-01
1.000000000000000000e+00,1.166846752166748047e-01
0.000000000000000000e+00,1.146917343139648438e-01
1.000000000000000000e+00,1.036839485168457031e-01
1.000000000000000000e+00,1.116633415222167969e-01
0.000000000000000000e+00,1.067080497741699219e-01
1.000000000000000000e+00,1.116998195648193359e-01
0.000000000000000000e+00,1.176452636718750000e-01
0.000000000000000000e+00,1.216681003570556641e-01
1.000000000000000000e+00,1.117019653320312500e-01
0.000000000000000000e+00,1.087038516998291016e-01
0.000000000000000000e+00,1.097092628479003906e-01
1.000000000000000000e+00,1.216723918914794922e-01
1.000000000000000000e+00,9.574460983276367188e-02
1.000000000000000000e+00,1.206765174865722656e-01
1.000000000000000000e+00,1.087126731872558594e-01
0.000000000000000000e+00,1.126966476440429688e-01
1.000000000000000000e+00,1.097049713134765625e-01
1.000000000000000000e+00,1.017165184020996094e-01
1.000000000000000000e+00,1.136960983276367188e-01
0.000000000000000000e+00,1.136946678161621094e-01
0.000000000000000000e+00,1.097044944763183594e-01
0.000000000000000000e+00,1.116659641265869141e-01
0.000000000000000000e+00,1.406240463256835938e-01
0.000000000000000000e+00,2.832419872283935547e-01
0.000000000000000000e+00,1.745257377624511719e-01
1.000000000000000000e+00,3.141601085662841797e-01
0.000000000000000000e+00,1.884961128234863281e-01
1.000000000000000000e+00,1.396267414093017578e-01
1.000000000000000000e+00,1.246666908264160156e-01
1.000000000000000000e+00,1.336369514465332031e-01
1.000000000000000000e+00,1.186802387237548828e-01
1.000000000000000000e+00,1.256647109985351562e-01
1.000000000000000000e+00,1.256656646728515625e-01
0.000000000000000000e+00,1.226723194122314453e-01
0.000000000000000000e+00,1.156890392303466797e-01
1.000000000000000000e+00,1.047122478485107422e-01
0.000000000000000000e+00,1.037209033966064453e-01
0.000000000000000000e+00,1.156845092773437500e-01
1.000000000000000000e+00,1.216711997985839844e-01
1.000000000000000000e+00,1.306502819061279297e-01
1.000000000000000000e+00,1.236631870269775391e-01
0.000000000000000000e+00,1.436150074005126953e-01
0.000000000000000000e+00,1.246645450592041016e-01
1.000000000000000000e+00,1.176841259002685547e-01
0.000000000000000000e+00,1.196794509887695312e-01
0.000000000000000000e+00,1.366288661956787109e-01
0.000000000000000000e+00,1.555829048156738281e-01
0.000000000000000000e+00,1.286540031433105469e-01
0.000000000000000000e+00,1.257007122039794922e-01
1.000000000000000000e+00,1.067113876342773438e-01
0.000000000000000000e+00,1.146938800811767578e-01
1.000000000000000000e+00,1.336419582366943359e-01
1.000000000000000000e+00,1.545875072479248047e-01
1.000000000000000000e+00,1.406240463256835938e-01
1.000000000000000000e+00,1.406233310699462891e-01
1.000000000000000000e+00,1.446142196655273438e-01
1.000000000000000000e+00,1.336431503295898438e-01
0.000000000000000000e+00,1.236658096313476562e-01
1.000000000000000000e+00,1.206760406494140625e-01
0.000000000000000000e+00,1.396248340606689453e-01
1.000000000000000000e+00,1.226701736450195312e-01
0.000000000000000000e+00,1.306533813476562500e-01
0.000000000000000000e+00,1.286592483520507812e-01
1.000000000000000000e+00,1.186830997467041016e-01
1.000000000000000000e+00,1.216747760772705078e-01
1.000000000000000000e+00,1.246671676635742188e-01
1.000000000000000000e+00,1.436140537261962891e-01
0.000000000000000000e+00,1.595723628997802734e-01
0.000000000000000000e+00,1.196801662445068359e-01
1.000000000000000000e+00,1.166892051696777344e-01
1.000000000000000000e+00,1.166763305664062500e-01
0.000000000000000000e+00,1.117007732391357422e-01
1.000000000000000000e+00,1.286563873291015625e-01
1.000000000000000000e+00,1.226708889007568359e-01
0.000000000000000000e+00,1.077077388763427734e-01
1.000000000000000000e+00,1.007251739501953125e-01
1.000000000000000000e+00,1.206731796264648438e-01
0.000000000000000000e+00,1.176815032958984375e-01
1.000000000000000000e+00,1.206760406494140625e-01
1.000000000000000000e+00,1.127004623413085938e-01
0.000000000000000000e+00,1.216731071472167969e-01
1.000000000000000000e+00,1.236648559570312500e-01
1.000000000000000000e+00,1.106989383697509766e-01
1.000000000000000000e+00,1.047186851501464844e-01
0.000000000000000000e+00,1.206791400909423828e-01
0.000000000000000000e+00,1.266613006591796875e-01
1.000000000000000000e+00,1.136939525604248047e-01
0.000000000000000000e+00,1.127007007598876953e-01
1.000000000000000000e+00,1.286544799804687500e-01
0.000000000000000000e+00,1.765272617340087891e-01
0.000000000000000000e+00,1.216752529144287109e-01
1.000000000000000000e+00,1.156892776489257812e-01
0.000000000000000000e+00,1.126973628997802734e-01
0.000000000000000000e+00,1.156876087188720703e-01
1.000000000000000000e+00,1.156868934631347656e-01
1.000000000000000000e+00,1.186797618865966797e-01
0.000000000000000000e+00,1.057190895080566406e-01
0.000000000000000000e+00,1.196727752685546875e-01
0.000000000000000000e+00,1.057145595550537109e-01
1.000000000000000000e+00,1.146969795227050781e-01
1.000000000000000000e+00,1.286551952362060547e-01
0.000000000000000000e+00,1.156845092773437500e-01
1.000000000000000000e+00,1.116995811462402344e-01
1.000000000000000000e+00,1.236302852630615234e-01
0.000000000000000000e+00,1.156845092773437500e-01
1.000000000000000000e+00,1.017274856567382812e-01
0.000000000000000000e+00,1.216619014739990234e-01
1.000000000000000000e+00,1.117000579833984375e-01
1.000000000000000000e+00,1.126971244812011719e-01
0.000000000000000000e+00,1.067132949829101562e-01
0.000000000000000000e+00,1.196801662445068359e-01
1.000000000000000000e+00,1.156802177429199219e-01
1.000000000000000000e+00,1.146955490112304688e-01
1.000000000000000000e+00,1.086738109588623047e-01
1.000000000000000000e+00,1.046833992004394531e-01
1.000000000000000000e+00,1.186780929565429688e-01
0.000000000000000000e+00,1.595640182495117188e-01
1.000000000000000000e+00,1.136975288391113281e-01
1.000000000000000000e+00,1.116921901702880859e-01
1.000000000000000000e+00,1.226661205291748047e-01
1.000000000000000000e+00,1.406238079071044922e-01
1.000000000000000000e+00,1.047201156616210938e-01
1.000000000000000000e+00,1.067111492156982422e-01
1.000000000000000000e+00,1.206710338592529297e-01
1.000000000000000000e+00,1.166872978210449219e-01
1.000000000000000000e+00,1.107053756713867188e-01
0.000000000000000000e+00,1.067168712615966797e-01
1.000000000000000000e+00,1.107034683227539062e-01
0.000000000000000000e+00,1.166830062866210938e-01
1.000000000000000000e+00,1.037249565124511719e-01
1.000000000000000000e+00,1.156845092773437500e-01
1.000000000000000000e+00,7.379961013793945312e-02
1.000000000000000000e+00,5.784678459167480469e-02
1.000000000000000000e+00,6.183242797851562500e-02
1.000000000000000000e+00,5.884337425231933594e-02
1.000000000000000000e+00,6.083488464355468750e-02
1.000000000000000000e+00,8.975458145141601562e-02
0.000000000000000000e+00,5.784368515014648438e-02
0.000000000000000000e+00,5.784654617309570312e-02
1.000000000000000000e+00,5.584979057312011719e-02
0.000000000000000000e+00,6.382751464843750000e-02
0.000000000000000000e+00,6.083393096923828125e-02
1.000000000000000000e+00,6.183457374572753906e-02
0.000000000000000000e+00,6.286835670471191406e-02
1.000000000000000000e+00,5.689001083374023438e-02
1.000000000000000000e+00,6.785511970520019531e-02
1.000000000000000000e+00,6.881833076477050781e-02
0.000000000000000000e+00,6.781721115112304688e-02
1.000000000000000000e+00,5.784487724304199219e-02
0.000000000000000000e+00,6.386017799377441406e-02
1.000000000000000000e+00,6.777834892272949219e-02
1.000000000000000000e+00,6.383299827575683594e-02
1.000000000000000000e+00,5.485081672668457031e-02
1.000000000000000000e+00,6.183338165283203125e-02
0.000000000000000000e+00,6.678199768066406250e-02
1.000000000000000000e+00,6.183600425720214844e-02
0.000000000000000000e+00,6.181979179382324219e-02
1.000000000000000000e+00,5.781245231628417969e-02
0.000000000000000000e+00,6.079745292663574219e-02
1.000000000000000000e+00,5.584883689880371094e-02
0.000000000000000000e+00,6.582164764404296875e-02
1.000000000000000000e+00,6.680750846862792969e-02
1.000000000000000000e+00,6.482386589050292969e-02
1.000000000000000000e+00,5.983662605285644531e-02
1.000000000000000000e+00,5.887126922607421875e-02
1.000000000000000000e+00,5.681061744689941406e-02
1.000000000000000000e+00,5.788230895996093750e-02
1.000000000000000000e+00,6.482744216918945312e-02
0.000000000000000000e+00,6.383085250854492188e-02
1.000000000000000000e+00,5.984020233154296875e-02
1.000000000000000000e+00,5.385470390319824219e-02
0.000000000000000000e+00,5.884313583374023438e-02
1.000000000000000000e+00,5.086565017700195312e-02
1.000000000000000000e+00,5.584621429443359375e-02
0.000000000000000000e+00,5.485320091247558594e-02
1.000000000000000000e+00,6.283259391784667969e-02
0.000000000000000000e+00,6.280827522277832031e-02
0.000000000000000000e+00,6.283116340637207031e-02
0.000000000000000000e+00,6.582021713256835938e-02
1.000000000000000000e+00,5.684375762939453125e-02
1.000000000000000000e+00,6.283140182495117188e-02
0.000000000000000000e+00,6.380081176757812500e-02
1.000000000000000000e+00,6.981229782104492188e-02
1.000000000000000000e+00,6.682062149047851562e-02
1.000000000000000000e+00,6.283187866210937500e-02
0.000000000000000000e+00,5.485129356384277344e-02
1.000000000000000000e+00,6.283330917358398438e-02
1.000000000000000000e+00,6.083631515502929688e-02
1.000000000000000000e+00,6.083679199218750000e-02
1.000000000000000000e+00,6.183457374572753906e-02
1.000000000000000000e+00,5.784583091735839844e-02
1.000000000000000000e+00,6.183600425720214844e-02
0.000000000000000000e+00,6.083559989929199219e-02
0.000000000000000000e+00,6.283164024353027344e-02
1.000000000000000000e+00,6.482791900634765625e-02
1.000000000000000000e+00,6.183481216430664062e-02
1.000000000000000000e+00,6.183409690856933594e-02
1.000000000000000000e+00,6.182813644409179688e-02
0.000000000000000000e+00,5.285954475402832031e-02
0.000000000000000000e+00,6.386065483093261719e-02
1.000000000000000000e+00,5.887651443481445312e-02
1.000000000000000000e+00,5.385708808898925781e-02
1.000000000000000000e+00,5.684828758239746094e-02
1.000000000000000000e+00,6.283235549926757812e-02
1.000000000000000000e+00,5.784344673156738281e-02
1.000000000000000000e+00,5.683898925781250000e-02
1.000000000000000000e+00,6.482410430908203125e-02
1.000000000000000000e+00,5.188703536987304688e-02
0.000000000000000000e+00,6.585478782653808594e-02
0.000000000000000000e+00,5.189251899719238281e-02
0.000000000000000000e+00,6.678700447082519531e-02
1.000000000000000000e+00,5.485320091247558594e-02
1.000000000000000000e+00,8.776497840881347656e-02
1.000000000000000000e+00,1.156892776489257812e-01
1.000000000000000000e+00,1.186821460723876953e-01
1.000000000000000000e+00,1.117002964019775391e-01
1.000000000000000000e+00,1.236698627471923828e-01
1.000000000000000000e+00,1.256661415100097656e-01
1.000000000000000000e+00,1.126945018768310547e-01
1.000000000000000000e+00,1.176848411560058594e-01
1.000000000000000000e+00,1.256599426269531250e-01
1.000000000000000000e+00,1.276583671569824219e-01
1.000000000000000000e+00,1.226720809936523438e-01
1.000000000000000000e+00,1.176857948303222656e-01
1.000000000000000000e+00,1.296534538269042969e-01
1.000000000000000000e+00,1.306519508361816406e-01
1.000000000000000000e+00,1.166870594024658203e-01
1.000000000000000000e+00,1.087095737457275391e-01
0.000000000000000000e+00,1.226694583892822266e-01
1.000000000000000000e+00,1.216695308685302734e-01
0.000000000000000000e+00,1.136970520019531250e-01
1.000000000000000000e+00,1.226687431335449219e-01
1.000000000000000000e+00,1.087114810943603516e-01
0.000000000000000000e+00,9.773802757263183594e-02
0.000000000000000000e+00,1.047186851501464844e-01
0.000000000000000000e+00,1.077156066894531250e-01
1.000000000000000000e+00,1.136941909790039062e-01
1.000000000000000000e+00,1.156895160675048828e-01
1.000000000000000000e+00,1.176860332489013672e-01
1.000000000000000000e+00,1.166830062866210938e-01
1.000000000000000000e+00,1.107056140899658203e-01
1.000000000000000000e+00,1.057150363922119141e-01
1.000000000000000000e+00,1.186816692352294922e-01
0.000000000000000000e+00,1.146929264068603516e-01
1.000000000000000000e+00,1.286542415618896484e-01
1.000000000000000000e+00,1.147279739379882812e-01
1.000000000000000000e+00,1.136972904205322266e-01
1.000000000000000000e+00,1.186823844909667969e-01
1.000000000000000000e+00,1.206760406494140625e-01
0.000000000000000000e+00,1.087059974670410156e-01
1.000000000000000000e+00,1.196415424346923828e-01
0.000000000000000000e+00,1.057147979736328125e-01
1.000000000000000000e+00,1.206765174865722656e-01
0.000000000000000000e+00,9.773874282836914062e-02
1.000000000000000000e+00,1.176865100860595703e-01
0.000000000000000000e+00,1.286559104919433594e-01
0.000000000000000000e+00,1.256620883941650391e-01
0.000000000000000000e+00,1.187098026275634766e-01
1.000000000000000000e+00,1.107046604156494141e-01
1.000000000000000000e+00,1.206760406494140625e-01
0.000000000000000000e+00,1.296532154083251953e-01
1.000000000000000000e+00,1.236679553985595703e-01
1.000000000000000000e+00,1.077094078063964844e-01
1.000000000000000000e+00,1.146953105926513672e-01
1.000000000000000000e+00,1.286530494689941406e-01
0.000000000000000000e+00,1.077108383178710938e-01
0.000000000000000000e+00,1.166844367980957031e-01
0.000000000000000000e+00,1.136958599090576172e-01
1.000000000000000000e+00,1.057183742523193359e-01
1.000000000000000000e+00,1.246643066406250000e-01
0.000000000000000000e+00,1.087079048156738281e-01
0.000000000000000000e+00,1.166884899139404297e-01
0.000000000000000000e+00,1.107022762298583984e-01
0.000000000000000000e+00,1.226689815521240234e-01
1.000000000000000000e+00,1.077110767364501953e-01
1.000000000000000000e+00,1.166896820068359375e-01
1.000000000000000000e+00,1.106994152069091797e-01
0.000000000000000000e+00,1.176841259002685547e-01
0.000000000000000000e+00,1.067121028900146484e-01
1.000000000000000000e+00,1.196765899658203125e-01
1.000000000000000000e+00,1.136953830718994141e-01
0.000000000000000000e+00,1.166849136352539062e-01
1.000000000000000000e+00,1.126968860626220703e-01
0.000000000000000000e+00,1.146895885467529297e-01
1.000000000000000000e+00,1.017236709594726562e-01
0.000000000000000000e+00,1.077101230621337891e-01
0.000000000000000000e+00,1.216683387756347656e-01
1.000000000000000000e+00,1.246643066406250000e-01
0.000000000000000000e+00,1.087074279785156250e-01
0.000000000000000000e+00,1.126964092254638672e-01
0.000000000000000000e+00,1.087098121643066406e-01
1.000000000000000000e+00,1.146948337554931641e-01
1.000000000000000000e+00,1.097033023834228516e-01
0.000000000000000000e+00,1.326460838317871094e-01
1.000000000000000000e+00,1.127021312713623047e-01
0.000000000000000000e+00,1.117038726806640625e-01
1.000000000000000000e+00,1.067123413085937500e-01
0.000000000000000000e+00,1.146926879882812500e-01
1.000000000000000000e+00,1.166844367980957031e-01
0.000000000000000000e+00,1.027200222015380859e-01
0.000000000000000000e+00,1.126976013183593750e-01
0.000000000000000000e+00,1.117000579833984375e-01
1.000000000000000000e+00,1.057159900665283203e-01
1.000000000000000000e+00,1.117348670959472656e-01
1.000000000000000000e+00,1.007280349731445312e-01
1.000000000000000000e+00,1.027157306671142578e-01
0.000000000000000000e+00,1.067137718200683594e-01
1.000000000000000000e+00,1.037220954895019531e-01
0.000000000000000000e+00,1.176826953887939453e-01
1.000000000000000000e+00,1.206762790679931641e-01
1.000000000000000000e+00,1.166455745697021484e-01
1.000000000000000000e+00,1.097042560577392578e-01
0.000000000000000000e+00,1.196708679199218750e-01
1.000000000000000000e+00,1.146948337554931641e-01
1.000000000000000000e+00,1.236643791198730469e-01
1.000000000000000000e+00,1.176831722259521484e-01
1.000000000000000000e+00,1.146941184997558594e-01
0.000000000000000000e+00,1.256599426269531250e-01
1.000000000000000000e+00,1.266219615936279297e-01
0.000000000000000000e+00,1.086969375610351562e-01
0.000000000000000000e+00,1.146919727325439453e-01
0.000000000000000000e+00,9.673833847045898438e-02
1.000000000000000000e+00,1.266603469848632812e-01
0.000000000000000000e+00,1.096961498260498047e-01
1.000000000000000000e+00,1.126618385314941406e-01
1.000000000000000000e+00,1.136939525604248047e-01
0.000000000000000000e+00,1.186802387237548828e-01
1.000000000000000000e+00,1.037216186523437500e-01
1.000000000000000000e+00,9.769654273986816406e-02
1.000000000000000000e+00,1.126983165740966797e-01
1.000000000000000000e+00,1.396234035491943359e-01
1.000000000000000000e+00,1.106977462768554688e-01
1.000000000000000000e+00,1.067113876342773438e-01
0.000000000000000000e+00,1.017246246337890625e-01
1.000000000000000000e+00,1.107013225555419922e-01
0.000000000000000000e+00,1.226747035980224609e-01
0.000000000000000000e+00,1.156899929046630859e-01
0.000000000000000000e+00,1.136958599090576172e-01
1.000000000000000000e+00,1.116986274719238281e-01
0.000000000000000000e+00,1.087067127227783203e-01
1.000000000000000000e+00,1.117000579833984375e-01
0.000000000000000000e+00,1.156892776489257812e-01
1.000000000000000000e+00,9.773612022399902344e-02
1.000000000000000000e+00,1.087067127227783203e-01
1.000000000000000000e+00,1.186821460723876953e-01
0.000000000000000000e+00,1.236963272094726562e-01
1.000000000000000000e+00,1.226716041564941406e-01
1.000000000000000000e+00,1.126990318298339844e-01
1.000000000000000000e+00,1.107046604156494141e-01
1.000000000000000000e+00,1.336758136749267578e-01
1.000000000000000000e+00,1.007287502288818359e-01
1.000000000000000000e+00,1.037223339080810547e-01
1.000000000000000000e+00,1.126976013183593750e-01
1.000000000000000000e+00,1.276590824127197266e-01
1.000000000000000000e+00,1.166892051696777344e-01
1.000000000000000000e+00,1.107010841369628906e-01
1.000000000000000000e+00,1.256613731384277344e-01
1.000000000000000000e+00,1.306521892547607422e-01
1.000000000000000000e+00,1.027238368988037109e-01
0.000000000000000000e+00,1.017301082611083984e-01
1.000000000000000000e+00,1.226708889007568359e-01
1.000000000000000000e+00,1.276569366455078125e-01
0.000000000000000000e+00,1.346349716186523438e-01
1.000000000000000000e+00,1.346366405487060547e-01
1.000000000000000000e+00,1.186788082122802734e-01
0.000000000000000000e+00,1.266613006591796875e-01
1.000000000000000000e+00,1.107017993927001953e-01
1.000000000000000000e+00,1.176846027374267578e-01
0.000000000000000000e+00,1.017181873321533203e-01
0.000000000000000000e+00,1.246652603149414062e-01
1.000000000000000000e+00,1.196784973144531250e-01
1.000000000000000000e+00,1.166870594024658203e-01
0.000000000000000000e+00,1.216843128204345703e-01
1.000000000000000000e+00,1.057167053222656250e-01
1.000000000000000000e+00,1.146914958953857422e-01
0.000000000000000000e+00,1.097052097320556641e-01
0.000000000000000000e+00,1.107034683227539062e-01
0.000000000000000000e+00,1.176831722259521484e-01
1.000000000000000000e+00,1.136965751647949219e-01
0.000000000000000000e+00,1.077117919921875000e-01
0.000000000000000000e+00,1.226689815521240234e-01
1.000000000000000000e+00,1.156859397888183594e-01
1.000000000000000000e+00,1.186790466308593750e-01
1.000000000000000000e+00,1.126987934112548828e-01
1.000000000000000000e+00,1.226708889007568359e-01
0.000000000000000000e+00,1.067156791687011719e-01
0.000000000000000000e+00,1.077120304107666016e-01
1.000000000000000000e+00,1.176838874816894531e-01
0.000000000000000000e+00,1.226689815521240234e-01
1.000000000000000000e+00,1.206772327423095703e-01
0.000000000000000000e+00,1.156868934631347656e-01
1.000000000000000000e+00,1.097102165222167969e-01
1.000000000000000000e+00,1.097052097320556641e-01
1.000000000000000000e+00,1.107037067413330078e-01
1.000000000000000000e+00,1.206755638122558594e-01
1.000000000000000000e+00,1.186816692352294922e-01
1.000000000000000000e+00,1.116979122161865234e-01
1.000000000000000000e+00,1.126983165740966797e-01
1.000000000000000000e+00,1.166894435882568359e-01
0.000000000000000000e+00,1.196789741516113281e-01
1.000000000000000000e+00,1.226730346679687500e-01
1.000000000000000000e+00,1.086690425872802734e-01
1.000000000000000000e+00,1.166844367980957031e-01
1.000000000000000000e+00,1.176462173461914062e-01
1.000000000000000000e+00,1.156876087188720703e-01
1.000000000000000000e+00,1.166880130767822266e-01
1.000000000000000000e+00,1.196799278259277344e-01
0.000000000000000000e+00,1.106996536254882812e-01
1.000000000000000000e+00,1.186823844909667969e-01
1.000000000000000000e+00,1.126937866210937500e-01
0.000000000000000000e+00,1.037206649780273438e-01
1.000000000000000000e+00,1.126909255981445312e-01
1.000000000000000000e+00,1.226704120635986328e-01
0.000000000000000000e+00,1.167221069335937500e-01
0.000000000000000000e+00,1.186573505401611328e-01
0.000000000000000000e+00,1.027231216430664062e-01
1.000000000000000000e+00,1.116991043090820312e-01
0.000000000000000000e+00,1.027252674102783203e-01
0.000000000000000000e+00,1.166768074035644531e-01
1.000000000000000000e+00,1.106996536254882812e-01
0.000000000000000000e+00,1.156897544860839844e-01
0.000000000000000000e+00,1.206767559051513672e-01
0.000000000000000000e+00,1.186830997467041016e-01
1.000000000000000000e+00,1.266598701477050781e-01
1.000000000000000000e+00,1.107029914855957031e-01
0.000000000000000000e+00,1.156866550445556641e-01
1.000000000000000000e+00,1.106998920440673828e-01
0.000000000000000000e+00,1.306521892547607422e-01
0.000000000000000000e+00,1.106996536254882812e-01
1.000000000000000000e+00,1.106641292572021484e-01
0.000000000000000000e+00,1.196787357330322266e-01
1.000000000000000000e+00,1.126964092254638672e-01
1.000000000000000000e+00,1.027283668518066406e-01
1.000000000000000000e+00,1.186830997467041016e-01
1.000000000000000000e+00,1.107010841369628906e-01
0.000000000000000000e+00,1.236662864685058594e-01
1.000000000000000000e+00,1.166822910308837891e-01
0.000000000000000000e+00,9.773921966552734375e-02
1.000000000000000000e+00,1.166481971740722656e-01
0.000000000000000000e+00,1.156849861145019531e-01
0.000000000000000000e+00,1.107034683227539062e-01
1.000000000000000000e+00,1.196789741516113281e-01
1.000000000000000000e+00,1.236300468444824219e-01
1.000000000000000000e+00,1.246511936187744141e-01
0.000000000000000000e+00,1.167197227478027344e-01
0.000000000000000000e+00,1.166834831237792969e-01
0.000000000000000000e+00,1.186802387237548828e-01
0.000000000000000000e+00,1.097075939178466797e-01
0.000000000000000000e+00,9.573769569396972656e-02
1.000000000000000000e+00,1.117029190063476562e-01
1.000000000000000000e+00,1.126942634582519531e-01
1.000000000000000000e+00,1.156902313232421875e-01
1.000000000000000000e+00,1.126945018768310547e-01
1.000000000000000000e+00,9.275579452514648438e-02
0.000000000000000000e+00,1.216721534729003906e-01
0.000000000000000000e+00,9.374499320983886719e-02
1.000000000000000000e+00,6.283187866210937500e-02
1.000000000000000000e+00,7.380175590515136719e-02
1.000000000000000000e+00,7.080841064453125000e-02
1.000000000000000000e+00,5.684590339660644531e-02
0.000000000000000000e+00,5.883145332336425781e-02
1.000000000000000000e+00,5.684614181518554688e-02
1.000000000000000000e+00,5.983948707580566406e-02
1.000000000000000000e+00,6.334018707275390625e-02
1.000000000000000000e+00,5.585026741027832031e-02
1.000000000000000000e+00,6.083416938781738281e-02
0.000000000000000000e+00,6.482195854187011719e-02
0.000000000000000000e+00,6.681942939758300781e-02
1.000000000000000000e+00,7.380080223083496094e-02
1.000000000000000000e+00,7.080984115600585938e-02
1.000000000000000000e+00,6.981277465820312500e-02
0.000000000000000000e+00,5.784320831298828125e-02
0.000000000000000000e+00,6.183218955993652344e-02
1.000000000000000000e+00,6.482625007629394531e-02
1.000000000000000000e+00,6.581878662109375000e-02
1.000000000000000000e+00,6.283164024353027344e-02
1.000000000000000000e+00,5.385541915893554688e-02
0.000000000000000000e+00,5.784463882446289062e-02
1.000000000000000000e+00,6.482672691345214844e-02
0.000000000000000000e+00,5.784487724304199219e-02
0.000000000000000000e+00,6.382966041564941406e-02
0.000000000000000000e+00,6.083774566650390625e-02
0.000000000000000000e+00,6.582236289978027344e-02
1.000000000000000000e+00,5.884003639221191406e-02
1.000000000000000000e+00,6.183481216430664062e-02
1.000000000000000000e+00,6.781792640686035156e-02
1.000000000000000000e+00,6.781792640686035156e-02
1.000000000000000000e+00,5.684113502502441406e-02
1.000000000000000000e+00,5.983853340148925781e-02
0.000000000000000000e+00,6.682014465332031250e-02
1.000000000000000000e+00,5.684685707092285156e-02
1.000000000000000000e+00,6.482529640197753906e-02
0.000000000000000000e+00,5.385541915893554688e-02
1.000000000000000000e+00,5.982494354248046875e-02
1.000000000000000000e+00,5.485248565673828125e-02
1.000000000000000000e+00,5.185556411743164062e-02
1.000000000000000000e+00,5.684685707092285156e-02
0.000000000000000000e+00,6.282544136047363281e-02
0.000000000000000000e+00,5.983901023864746094e-02
1.000000000000000000e+00,6.283068656921386719e-02
1.000000000000000000e+00,5.983805656433105469e-02
1.000000000000000000e+00,6.283259391784667969e-02
1.000000000000000000e+00,6.482625007629394531e-02
1.000000000000000000e+00,6.382799148559570312e-02
1.000000000000000000e+00,6.083750724792480469e-02
1.000000000000000000e+00,6.980013847351074219e-02
0.000000000000000000e+00,5.784368515014648438e-02
1.000000000000000000e+00,5.984091758728027344e-02
0.000000000000000000e+00,6.781816482543945312e-02
0.000000000000000000e+00,6.283044815063476562e-02
1.000000000000000000e+00,5.784225463867187500e-02
1.000000000000000000e+00,6.183433532714843750e-02
1.000000000000000000e+00,6.283092498779296875e-02
0.000000000000000000e+00,6.083440780639648438e-02
0.000000000000000000e+00,5.983495712280273438e-02
1.000000000000000000e+00,6.183457374572753906e-02
0.000000000000000000e+00,6.382918357849121094e-02
0.000000000000000000e+00,5.784583091735839844e-02
1.000000000000000000e+00,5.983996391296386719e-02
1.000000000000000000e+00,5.784463882446289062e-02
0.000000000000000000e+00,6.283211708068847656e-02
1.000000000000000000e+00,6.582379341125488281e-02
0.000000000000000000e+00,7.080554962158203125e-02
1.000000000000000000e+00,6.283164024353027344e-02
0.000000000000000000e+00,6.183457374572753906e-02
0.000000000000000000e+00,6.183385848999023438e-02
0.000000000000000000e+00,6.482625007629394531e-02
0.000000000000000000e+00,1.057171821594238281e-01
0.000000000000000000e+00,1.067142486572265625e-01
1.000000000000000000e+00,1.146888732910156250e-01
0.000000000000000000e+00,1.117005348205566406e-01
1.000000000000000000e+00,9.973239898681640625e-02
1.000000000000000000e+00,9.175443649291992188e-02
1.000000000000000000e+00,1.087079048156738281e-01
0.000000000000000000e+00,1.126983165740966797e-01
0.000000000000000000e+00,1.136951446533203125e-01
0.000000000000000000e+00,1.107039451599121094e-01
0.000000000000000000e+00,1.166861057281494141e-01
1.000000000000000000e+00,1.107032299041748047e-01
0.000000000000000000e+00,1.166884899139404297e-01
1.000000000000000000e+00,1.276583671569824219e-01
0.000000000000000000e+00,1.127007007598876953e-01
1.000000000000000000e+00,1.206665039062500000e-01
0.000000000000000000e+00,1.087081432342529297e-01
1.000000000000000000e+00,1.197011470794677734e-01
0.000000000000000000e+00,1.156892776489257812e-01
1.000000000000000000e+00,1.136953830718994141e-01
0.000000000000000000e+00,1.286544799804687500e-01
1.000000000000000000e+00,1.216740608215332031e-01
1.000000000000000000e+00,1.256632804870605469e-01
0.000000000000000000e+00,1.077103614807128906e-01
1.000000000000000000e+00,1.106996536254882812e-01
0.000000000000000000e+00,1.326441764831542969e-01
1.000000000000000000e+00,9.570741653442382812e-02
0.000000000000000000e+00,1.047208309173583984e-01
1.000000000000000000e+00,1.196784973144531250e-01
1.000000000000000000e+00,1.266603469848632812e-01
1.000000000000000000e+00,1.087038516998291016e-01
1.000000000000000000e+00,1.067130565643310547e-01
1.000000000000000000e+00,1.176853179931640625e-01
0.000000000000000000e+00,1.196784973144531250e-01
1.000000000000000000e+00,1.166834831237792969e-01
1.000000000000000000e+00,1.097059249877929688e-01
0.000000000000000000e+00,1.206758022308349609e-01
1.000000000000000000e+00,1.216723918914794922e-01
0.000000000000000000e+00,1.107025146484375000e-01
1.000000000000000000e+00,1.226713657379150391e-01
0.000000000000000000e+00,1.017270088195800781e-01
1.000000000000000000e+00,1.146919727325439453e-01
1.000000000000000000e+00,1.176831722259521484e-01
0.000000000000000000e+00,1.126966476440429688e-01
0.000000000000000000e+00,1.047127246856689453e-01
1.000000000000000000e+00,1.116957664489746094e-01
1.000000000000000000e+00,1.097042560577392578e-01
1.000000000000000000e+00,1.007261276245117188e-01
1.000000000000000000e+00,1.047191619873046875e-01
1.000000000000000000e+00,1.246635913848876953e-01
0.000000000000000000e+00,1.097042560577392578e-01
0.000000000000000000e+00,1.097099781036376953e-01
0.000000000000000000e+00,1.186769008636474609e-01
1.000000000000000000e+00,1.146922111511230469e-01
0.000000000000000000e+00,1.186811923980712891e-01
1.000000000000000000e+00,1.166844367980957031e-01
1.000000000000000000e+00,1.057174205780029297e-01
1.000000000000000000e+00,1.077115535736083984e-01
0.000000000000000000e+00,1.206727027893066406e-01
1.000000000000000000e+00,1.057128906250000000e-01
1.000000000000000000e+00,1.176862716674804688e-01
1.000000000000000000e+00,1.067135334014892578e-01
1.000000000000000000e+00,1.067059040069580078e-01
1.000000000000000000e+00,1.126961708068847656e-01
1.000000000000000000e+00,1.136968135833740234e-01
0.000000000000000000e+00,1.126992702484130859e-01
1.000000000000000000e+00,1.186823844909667969e-01
0.000000000000000000e+00,1.087090969085693359e-01
0.000000000000000000e+00,1.216750144958496094e-01
1.000000000000000000e+00,1.186792850494384766e-01
1.000000000000000000e+00,1.007323265075683594e-01
1.000000000000000000e+00,1.097061634063720703e-01
0.000000000000000000e+00,1.077094078063964844e-01
0.000000000000000000e+00,1.126978397369384766e-01
1.000000000000000000e+00,1.116988658905029297e-01
1.000000000000000000e+00,1.216731071472167969e-01
0.000000000000000000e+00,1.166872978210449219e-01
1.000000000000000000e+00,1.107015609741210938e-01
0.000000000000000000e+00,1.057152748107910156e-01
1.000000000000000000e+00,1.087088584899902344e-01
1.000000000000000000e+00,1.146934032440185547e-01
1.000000000000000000e+00,1.176850795745849609e-01
1.000000000000000000e+00,1.206760406494140625e-01
0.000000000000000000e+00,1.087071895599365234e-01
0.000000000000000000e+00,1.186854839324951172e-01
1.000000000000000000e+00,1.226718425750732422e-01
1.000000000000000000e+00,1.047186851501464844e-01
0.000000000000000000e+00,1.097016334533691406e-01
0.000000000000000000e+00,1.276586055755615234e-01
1.000000000000000000e+00,1.535868644714355469e-01
1.000000000000000000e+00,1.426184177398681641e-01
1.000000000000000000e+00,1.436164379119873047e-01
1.000000000000000000e+00,1.376316547393798828e-01
1.000000000000000000e+00,1.505966186523437500e-01
1.000000000000000000e+00,1.505973339080810547e-01
0.000000000000000000e+00,1.466078758239746094e-01
0.000000000000000000e+00,2.224030494689941406e-01
0.000000000000000000e+00,1.934814453125000000e-01
0.000000000000000000e+00,1.356370449066162109e-01
1.000000000000000000e+00,1.386289596557617188e-01
0.000000000000000000e+00,1.316449642181396484e-01
1.000000000000000000e+00,1.236674785614013672e-01
0.000000000000000000e+00,1.306490898132324219e-01
0.000000000000000000e+00,1.176829338073730469e-01
1.000000000000000000e+00,1.216752529144287109e-01
1.000000000000000000e+00,1.196763515472412109e-01
1.000000000000000000e+00,1.196792125701904297e-01
1.000000000000000000e+00,1.206784248352050781e-01
0.000000000000000000e+00,1.156895160675048828e-01
0.000000000000000000e+00,9.773778915405273438e-02
0.000000000000000000e+00,1.146903038024902344e-01
1.000000000000000000e+00,9.275150299072265625e-02
1.000000000000000000e+00,1.136958599090576172e-01
1.000000000000000000e+00,1.176848411560058594e-01
1.000000000000000000e+00,1.067187786102294922e-01
1.000000000000000000e+00,1.166815757751464844e-01
1.000000000000000000e+00,1.047182083129882812e-01
1.000000000000000000e+00,1.236679553985595703e-01
1.000000000000000000e+00,9.374856948852539062e-02
1.000000000000000000e+00,1.216731071472167969e-01
0.000000000000000000e+00,1.047189235687255859e-01
1.000000000000000000e+00,9.574460983276367188e-02
1.000000000000000000e+00,1.007301807403564453e-01
0.000000000000000000e+00,1.176838874816894531e-01
1.000000000000000000e+00,1.047191619873046875e-01
1.000000000000000000e+00,1.097071170806884766e-01
0.000000000000000000e+00,1.107020378112792969e-01
1.000000000000000000e+00,1.057164669036865234e-01
1.000000000000000000e+00,1.136972904205322266e-01
0.000000000000000000e+00,1.136970520019531250e-01
1.000000000000000000e+00,1.346392631530761719e-01
1.000000000000000000e+00,1.286559104919433594e-01
1.000000000000000000e+00,1.476054191589355469e-01
1.000000000000000000e+00,1.346387863159179688e-01
1.000000000000000000e+00,1.256585121154785156e-01
0.000000000000000000e+00,1.326439380645751953e-01
0.000000000000000000e+00,1.865005493164062500e-01
1.000000000000000000e+00,1.466066837310791016e-01
1.000000000000000000e+00,1.336414813995361328e-01
1.000000000000000000e+00,1.216726303100585938e-01
1.000000000000000000e+00,1.077117919921875000e-01
1.000000000000000000e+00,1.206753253936767578e-01
1.000000000000000000e+00,1.146934032440185547e-01
1.000000000000000000e+00,9.873342514038085938e-02
0.000000000000000000e+00,1.057155132293701172e-01
0.000000000000000000e+00,9.574031829833984375e-02
1.000000000000000000e+00,1.126966476440429688e-01
0.000000000000000000e+00,1.146843433380126953e-01
1.000000000000000000e+00,1.286566257476806641e-01
1.000000000000000000e+00,1.286554336547851562e-01
0.000000000000000000e+00,1.436154842376708984e-01
1.000000000000000000e+00,1.226711273193359375e-01
1.000000000000000000e+00,1.217112541198730469e-01
0.000000000000000000e+00,1.126983165740966797e-01
0.000000000000000000e+00,1.196744441986083984e-01
1.000000000000000000e+00,1.186809539794921875e-01
0.000000000000000000e+00,1.206750869750976562e-01
1.000000000000000000e+00,1.226654052734375000e-01
0.000000000000000000e+00,1.376297473907470703e-01
1.000000000000000000e+00,1.107027530670166016e-01
1.000000000000000000e+00,1.216740608215332031e-01
1.000000000000000000e+00,1.336417198181152344e-01
1.000000000000000000e+00,1.416201591491699219e-01
0.000000000000000000e+00,1.236679553985595703e-01
0.000000000000000000e+00,1.286561489105224609e-01
1.000000000000000000e+00,1.615643501281738281e-01
0.000000000000000000e+00,1.495971679687500000e-01
0.000000000000000000e+00,1.406209468841552734e-01
1.000000000000000000e+00,1.416184902191162109e-01
1.000000000000000000e+00,1.376302242279052734e-01
1.000000000000000000e+00,1.176838874816894531e-01
0.000000000000000000e+00,1.356360912322998047e-01
0.000000000000000000e+00,1.456098556518554688e-01
0.000000000000000000e+00,1.426169872283935547e-01
0.000000000000000000e+00,1.416211128234863281e-01
1.000000000000000000e+00,1.196773052215576172e-01
1.000000000000000000e+00,1.226730346679687500e-01
0.000000000000000000e+00,1.306481361389160156e-01
0.000000000000000000e+00,1.216719150543212891e-01
1.000000000000000000e+00,1.486008167266845703e-01
1.000000000000000000e+00,9.973025321960449219e-02
0.000000000000000000e+00,1.176850795745849609e-01
1.000000000000000000e+00,1.186816692352294922e-01
1.000000000000000000e+00,1.186814308166503906e-01
0.000000000000000000e+00,1.296508312225341797e-01
0.000000000000000000e+00,1.216726303100585938e-01
1.000000000000000000e+00,1.017251014709472656e-01
1.000000000000000000e+00,1.117005348205566406e-01
0.000000000000000000e+00,1.286511421203613281e-01
0.000000000000000000e+00,1.136894226074218750e-01
1.000000000000000000e+00,1.017222404479980469e-01
0.000000000000000000e+00,1.146929264068603516e-01
0.000000000000000000e+00,9.574317932128906250e-02
1.000000000000000000e+00,1.136846542358398438e-01
0.000000000000000000e+00,9.773492813110351562e-02
1.000000000000000000e+00,1.156902313232421875e-01
1.000000000000000000e+00,1.017260551452636719e-01
0.000000000000000000e+00,1.126983165740966797e-01
1.000000000000000000e+00,1.216745376586914062e-01
0.000000000000000000e+00,1.136937141418457031e-01
1.000000000000000000e+00,1.126959323883056641e-01
1.000000000000000000e+00,1.116931438446044922e-01
0.000000000000000000e+00,1.077122688293457031e-01
1.000000000000000000e+00,9.972739219665527344e-02
1.000000000000000000e+00,1.126971244812011719e-01
1.000000000000000000e+00,1.077108383178710938e-01
0.000000000000000000e+00,1.077101230621337891e-01
1.000000000000000000e+00,1.116974353790283203e-01
1.000000000000000000e+00,1.117012500762939453e-01
1.000000000000000000e+00,1.067137718200683594e-01
1.000000000000000000e+00,1.057162284851074219e-01
1.000000000000000000e+00,9.474587440490722656e-02
1.000000000000000000e+00,1.057121753692626953e-01
0.000000000000000000e+00,1.116988658905029297e-01
1.000000000000000000e+00,1.057043075561523438e-01
1.000000000000000000e+00,9.573984146118164062e-02
1.000000000000000000e+00,1.097042560577392578e-01
0.000000000000000000e+00,1.077055931091308594e-01
0.000000000000000000e+00,1.087031364440917969e-01
0.000000000000000000e+00,1.146929264068603516e-01
0.000000000000000000e+00,1.097056865692138672e-01
0.000000000000000000e+00,1.096994876861572266e-01
0.000000000000000000e+00,1.037240028381347656e-01
1.000000000000000000e+00,1.136932373046875000e-01
1.000000000000000000e+00,1.107025146484375000e-01
1.000000000000000000e+00,1.236698627471923828e-01
0.000000000000000000e+00,1.146936416625976562e-01
0.000000000000000000e+00,3.670160770416259766e-01
1.000000000000000000e+00,1.386275291442871094e-01
0.000000000000000000e+00,1.386268138885498047e-01
0.000000000000000000e+00,1.296498775482177734e-01
0.000000000000000000e+00,1.196761131286621094e-01
0.000000000000000000e+00,1.326425075531005859e-01
1.000000000000000000e+00,1.396198272705078125e-01
0.000000000000000000e+00,1.136929988861083984e-01
1.000000000000000000e+00,1.097040176391601562e-01
1.000000000000000000e+00,1.206765174865722656e-01
1.000000000000000000e+00,1.226658821105957031e-01
1.000000000000000000e+00,1.346333026885986328e-01
1.000000000000000000e+00,1.356370449066162109e-01
1.000000000000000000e+00,1.266591548919677734e-01
1.000000000000000000e+00,1.246638298034667969e-01
1.000000000000000000e+00,1.206703186035156250e-01
1.000000000000000000e+00,1.176826953887939453e-01
0.000000000000000000e+00,1.316459178924560547e-01
1.000000000000000000e+00,1.326434612274169922e-01
1.000000000000000000e+00,1.196787357330322266e-01
1.000000000000000000e+00,1.186804771423339844e-01
1.000000000000000000e+00,1.116955280303955078e-01
1.000000000000000000e+00,1.057167053222656250e-01
1.000000000000000000e+00,1.276581287384033203e-01
1.000000000000000000e+00,1.256623268127441406e-01
0.000000000000000000e+00,1.296534538269042969e-01
0.000000000000000000e+00,1.865003108978271484e-01
1.000000000000000000e+00,1.655573844909667969e-01
0.000000000000000000e+00,1.306483745574951172e-01
1.000000000000000000e+00,1.426181793212890625e-01
1.000000000000000000e+00,1.505982875823974609e-01
1.000000000000000000e+00,1.206781864166259766e-01
0.000000000000000000e+00,1.136968135833740234e-01
0.000000000000000000e+00,1.326446533203125000e-01
0.000000000000000000e+00,1.406238079071044922e-01
1.000000000000000000e+00,1.107025146484375000e-01
1.000000000000000000e+00,1.156919002532958984e-01
0.000000000000000000e+00,1.326422691345214844e-01
1.000000000000000000e+00,1.306507587432861328e-01
1.000000000000000000e+00,1.495995521545410156e-01
1.000000000000000000e+00,1.206762790679931641e-01
1.000000000000000000e+00,1.236615180969238281e-01
0.000000000000000000e+00,1.595683097839355469e-01
1.000000000000000000e+00,1.166892051696777344e-01
1.000000000000000000e+00,5.584478378295898438e-02
1.000000000000000000e+00,6.083273887634277344e-02
1.000000000000000000e+00,7.480025291442871094e-02
0.000000000000000000e+00,1.017351150512695312e-01
1.000000000000000000e+00,7.279300689697265625e-02
0.000000000000000000e+00,6.482815742492675781e-02
0.000000000000000000e+00,5.787801742553710938e-02
0.000000000000000000e+00,6.283044815063476562e-02
1.000000000000000000e+00,5.984020233154296875e-02
1.000000000000000000e+00,5.484151840209960938e-02
1.000000000000000000e+00,6.283235549926757812e-02
1.000000000000000000e+00,6.482625007629394531e-02
1.000000000000000000e+00,6.283020973205566406e-02
1.000000000000000000e+00,6.083655357360839844e-02
1.000000000000000000e+00,6.881499290466308594e-02
0.000000000000000000e+00,6.283140182495117188e-02
1.000000000000000000e+00,6.282639503479003906e-02
1.000000000000000000e+00,6.382918357849121094e-02
0.000000000000000000e+00,6.283140182495117188e-02
1.000000000000000000e+00,5.884242057800292969e-02
1.000000000000000000e+00,6.183505058288574219e-02
0.000000000000000000e+00,5.684757232666015625e-02
1.000000000000000000e+00,5.984067916870117188e-02
1.000000000000000000e+00,6.080627441406250000e-02
1.000000000000000000e+00,5.684542655944824219e-02
1.000000000000000000e+00,5.182623863220214844e-02
1.000000000000000000e+00,7.179999351501464844e-02
1.000000000000000000e+00,6.183528900146484375e-02
0.000000000000000000e+00,5.684947967529296875e-02
1.000000000000000000e+00,6.881237030029296875e-02
1.000000000000000000e+00,6.183385848999023438e-02
1.000000000000000000e+00,6.378698348999023438e-02
0.000000000000000000e+00,5.987215042114257812e-02
0.000000000000000000e+00,6.582307815551757812e-02
1.000000000000000000e+00,6.283140182495117188e-02
0.000000000000000000e+00,6.582260131835937500e-02
1.000000000000000000e+00,6.981110572814941406e-02
1.000000000000000000e+00,6.582164764404296875e-02
1.000000000000000000e+00,5.884408950805664062e-02
0.000000000000000000e+00,5.285644531250000000e-02
1.000000000000000000e+00,6.482648849487304688e-02
0.000000000000000000e+00,6.183552742004394531e-02
0.000000000000000000e+00,6.981277465820312500e-02
0.000000000000000000e+00,5.984020233154296875e-02
0.000000000000000000e+00,6.482625007629394531e-02
1.000000000000000000e+00,6.781840324401855469e-02
0.000000000000000000e+00,6.681418418884277344e-02
0.000000000000000000e+00,6.482696533203125000e-02
0.000000000000000000e+00,6.283235549926757812e-02
1.000000000000000000e+00,6.582713127136230469e-02
1.000000000000000000e+00,6.383013725280761719e-02
0.000000000000000000e+00,6.482744216918945312e-02
1.000000000000000000e+00,5.485367774963378906e-02
1.000000000000000000e+00,5.983662605285644531e-02
0.000000000000000000e+00,6.083798408508300781e-02
0.000000000000000000e+00,4.887747764587402344e-02
0.000000000000000000e+00,6.083822250366210938e-02
0.000000000000000000e+00,6.282901763916015625e-02
0.000000000000000000e+00,6.281828880310058594e-02
1.000000000000000000e+00,5.884146690368652344e-02
1.000000000000000000e+00,5.983996391296386719e-02
0.000000000000000000e+00,5.984044075012207031e-02
0.000000000000000000e+00,6.681513786315917969e-02
0.000000000000000000e+00,5.485415458679199219e-02
0.000000000000000000e+00,5.784583091735839844e-02
1.000000000000000000e+00,5.884099006652832031e-02
0.000000000000000000e+00,6.183409690856933594e-02
0.000000000000000000e+00,6.182670593261718750e-02
1.000000000000000000e+00,5.585169792175292969e-02
0.000000000000000000e+00,6.582379341125488281e-02
1.000000000000000000e+00,6.482648849487304688e-02
0.000000000000000000e+00,1.077134609222412109e-01
0.000000000000000000e+00,1.136920452117919922e-01
0.000000000000000000e+00,1.007299423217773438e-01
0.000000000000000000e+00,1.197078227996826172e-01
1.000000000000000000e+00,1.097064018249511719e-01
0.000000000000000000e+00,1.505966186523437500e-01
1.000000000000000000e+00,1.067161560058593750e-01
0.000000000000000000e+00,1.186840534210205078e-01
1.000000000000000000e+00,1.076574325561523438e-01
0.000000000000000000e+00,1.126983165740966797e-01
0.000000000000000000e+00,1.226663589477539062e-01
1.000000000000000000e+00,1.206753253936767578e-01
1.000000000000000000e+00,1.136970520019531250e-01
1.000000000000000000e+00,1.126995086669921875e-01
0.000000000000000000e+00,1.256661415100097656e-01
0.000000000000000000e+00,1.216683387756347656e-01
0.000000000000000000e+00,1.166872978210449219e-01
1.000000000000000000e+00,1.047203540802001953e-01
1.000000000000000000e+00,1.226682662963867188e-01
1.000000000000000000e+00,1.226937770843505859e-01
1.000000000000000000e+00,1.136934757232666016e-01
1.000000000000000000e+00,1.047174930572509766e-01
0.000000000000000000e+00,1.136972904205322266e-01
1.000000000000000000e+00,1.266636848449707031e-01
1.000000000000000000e+00,1.047143936157226562e-01
0.000000000000000000e+00,1.106994152069091797e-01
1.000000000000000000e+00,1.087479591369628906e-01
0.000000000000000000e+00,1.196818351745605469e-01
1.000000000000000000e+00,1.126947402954101562e-01
1.000000000000000000e+00,1.146888732910156250e-01
1.000000000000000000e+00,1.246635913848876953e-01
0.000000000000000000e+00,1.126961708068847656e-01
1.000000000000000000e+00,1.196792125701904297e-01
0.000000000000000000e+00,1.027200222015380859e-01
1.000000000000000000e+00,1.146953105926513672e-01
0.000000000000000000e+00,1.066701412200927734e-01
1.000000000000000000e+00,1.066770553588867188e-01
1.000000000000000000e+00,1.097018718719482422e-01
1.000000000000000000e+00,1.117014884948730469e-01
0.000000000000000000e+00,1.236672401428222656e-01
0.000000000000000000e+00,1.107032299041748047e-01
1.000000000000000000e+00,1.207103729248046875e-01
1.000000000000000000e+00,1.037230491638183594e-01
1.000000000000000000e+00,1.207132339477539062e-01
1.000000000000000000e+00,1.057136058807373047e-01
1.000000000000000000e+00,1.157238483428955078e-01
1.000000000000000000e+00,1.176841259002685547e-01
0.000000000000000000e+00,1.176853179931640625e-01
1.000000000000000000e+00,1.066863536834716797e-01
0.000000000000000000e+00,1.047229766845703125e-01
1.000000000000000000e+00,1.196808815002441406e-01
1.000000000000000000e+00,1.246678829193115234e-01
1.000000000000000000e+00,1.007339954376220703e-01
1.000000000000000000e+00,9.275078773498535156e-02
1.000000000000000000e+00,1.256611347198486328e-01
1.000000000000000000e+00,1.107034683227539062e-01
0.000000000000000000e+00,1.047549247741699219e-01
0.000000000000000000e+00,1.166868209838867188e-01
1.000000000000000000e+00,1.027255058288574219e-01
1.000000000000000000e+00,1.156499385833740234e-01
1.000000000000000000e+00,1.087086200714111328e-01
0.000000000000000000e+00,1.156895160675048828e-01
1.000000000000000000e+00,1.166882514953613281e-01
1.000000000000000000e+00,1.087081432342529297e-01
1.000000000000000000e+00,1.136956214904785156e-01
1.000000000000000000e+00,1.047205924987792969e-01
1.000000000000000000e+00,1.156897544860839844e-01
1.000000000000000000e+00,1.226723194122314453e-01
0.000000000000000000e+00,1.097049713134765625e-01
0.000000000000000000e+00,1.037261486053466797e-01
1.000000000000000000e+00,1.067118644714355469e-01
1.000000000000000000e+00,1.116998195648193359e-01
0.000000000000000000e+00,1.146905422210693359e-01
1.000000000000000000e+00,1.087064743041992188e-01
1.000000000000000000e+00,1.266601085662841797e-01
1.000000000000000000e+00,1.206381320953369141e-01
1.000000000000000000e+00,1.166861057281494141e-01
0.000000000000000000e+00,1.216735839843750000e-01
1.000000000000000000e+00,1.186783313751220703e-01
0.000000000000000000e+00,1.176872253417968750e-01
1.000000000000000000e+00,1.166887283325195312e-01
1.000000000000000000e+00,1.126945018768310547e-01
1.000000000000000000e+00,1.206345558166503906e-01
0.000000000000000000e+00,1.246652603149414062e-01
0.000000000000000000e+00,1.027243137359619141e-01
1.000000000000000000e+00,1.107032299041748047e-01
1.000000000000000000e+00,1.097028255462646484e-01
0.000000000000000000e+00,1.176807880401611328e-01
1.000000000000000000e+00,1.116640567779541016e-01
1.000000000000000000e+00,1.057074069976806641e-01
0.000000000000000000e+00,1.156888008117675781e-01
1.000000000000000000e+00,1.136970520019531250e-01
0.000000000000000000e+00,1.166875362396240234e-01
1.000000000000000000e+00,1.156549453735351562e-01
1.000000000000000000e+00,1.146914958953857422e-01
0.000000000000000000e+00,1.276600360870361328e-01
1.000000000000000000e+00,1.097064018249511719e-01
0.000000000000000000e+00,1.186826229095458984e-01
1.000000000000000000e+00,1.067125797271728516e-01
0.000000000000000000e+00,1.186826229095458984e-01
1.000000000000000000e+00,1.136610507965087891e-01
0.000000000000000000e+00,1.156935691833496094e-01
0.000000000000000000e+00,1.236646175384521484e-01
0.000000000000000000e+00,1.156878471374511719e-01
1.000000000000000000e+00,1.196782588958740234e-01
1.000000000000000000e+00,1.027250289916992188e-01
0.000000000000000000e+00,1.086716651916503906e-01
0.000000000000000000e+00,1.107029914855957031e-01
0.000000000000000000e+00,1.057574748992919922e-01
1.000000000000000000e+00,1.126976013183593750e-01
1.000000000000000000e+00,9.973263740539550781e-02
0.000000000000000000e+00,1.166863441467285156e-01
0.000000000000000000e+00,1.166877746582031250e-01
0.000000000000000000e+00,9.773612022399902344e-02
1.000000000000000000e+00,1.136934757232666016e-01
1.000000000000000000e+00,1.266615390777587891e-01
1.000000000000000000e+00,1.166849136352539062e-01
1.000000000000000000e+00,1.017243862152099609e-01
0.000000000000000000e+00,1.097047328948974609e-01
1.000000000000000000e+00,1.087129116058349609e-01
0.000000000000000000e+00,1.107058525085449219e-01
0.000000000000000000e+00,9.873652458190917969e-02
1.000000000000000000e+00,1.097061634063720703e-01
0.000000000000000000e+00,1.166889667510986328e-01
0.000000000000000000e+00,1.136934757232666016e-01
1.000000000000000000e+00,1.057162284851074219e-01
1.000000000000000000e+00,1.246645450592041016e-01
1.000000000000000000e+00,1.107075214385986328e-01
1.000000000000000000e+00,1.097106933593750000e-01
1.000000000000000000e+00,8.776330947875976562e-02
1.000000000000000000e+00,1.017279624938964844e-01
1.000000000000000000e+00,1.106979846954345703e-01
0.000000000000000000e+00,1.077120304107666016e-01
1.000000000000000000e+00,1.017262935638427734e-01
0.000000000000000000e+00,1.236696243286132812e-01
1.000000000000000000e+00,1.156897544860839844e-01
0.000000000000000000e+00,1.017246246337890625e-01
1.000000000000000000e+00,9.973359107971191406e-02
1.000000000000000000e+00,1.117033958435058594e-01
0.000000000000000000e+00,1.146922111511230469e-01
1.000000000000000000e+00,1.097085475921630859e-01
0.000000000000000000e+00,1.306102275848388672e-01
0.000000000000000000e+00,1.136927604675292969e-01
0.000000000000000000e+00,1.206767559051513672e-01
1.000000000000000000e+00,1.067130565643310547e-01
1.000000000000000000e+00,9.973263740539550781e-02
0.000000000000000000e+00,1.077091693878173828e-01
0.000000000000000000e+00,1.236681938171386719e-01
1.000000000000000000e+00,1.166853904724121094e-01
1.000000000000000000e+00,9.673905372619628906e-02
1.000000000000000000e+00,1.166870594024658203e-01
1.000000000000000000e+00,1.246659755706787109e-01
1.000000000000000000e+00,1.166899204254150391e-01
1.000000000000000000e+00,1.117022037506103516e-01
1.000000000000000000e+00,1.236739158630371094e-01
1.000000000000000000e+00,1.126945018768310547e-01
1.000000000000000000e+00,1.107027530670166016e-01
1.000000000000000000e+00,9.973311424255371094e-02
0.000000000000000000e+00,1.126949787139892578e-01
0.000000000000000000e+00,1.286542415618896484e-01
0.000000000000000000e+00,1.087081432342529297e-01
0.000000000000000000e+00,1.077122688293457031e-01
0.000000000000000000e+00,1.037204265594482422e-01
0.000000000000000000e+00,1.266603469848632812e-01
0.000000000000000000e+00,1.146898269653320312e-01
1.000000000000000000e+00,1.057195663452148438e-01
1.000000000000000000e+00,1.256611347198486328e-01
0.000000000000000000e+00,1.077146530151367188e-01
1.000000000000000000e+00,1.087036132812500000e-01
0.000000000000000000e+00,1.156857013702392578e-01
1.000000000000000000e+00,1.057183742523193359e-01
1.000000000000000000e+00,1.176836490631103516e-01
1.000000000000000000e+00,1.206762790679931641e-01
1.000000000000000000e+00,1.047191619873046875e-01
1.000000000000000000e+00,1.116995811462402344e-01
1.000000000000000000e+00,1.156919002532958984e-01
1.000000000000000000e+00,1.067168712615966797e-01
1.000000000000000000e+00,1.146838665008544922e-01
0.000000000000000000e+00,1.097054481506347656e-01
1.000000000000000000e+00,1.077132225036621094e-01
0.000000000000000000e+00,1.077139377593994141e-01
1.000000000000000000e+00,9.973096847534179688e-02
1.000000000000000000e+00,1.127140522003173828e-01
1.000000000000000000e+00,1.196792125701904297e-01
0.000000000000000000e+00,1.127018928527832031e-01
1.000000000000000000e+00,1.057176589965820312e-01
0.000000000000000000e+00,1.186745166778564453e-01
0.000000000000000000e+00,1.136980056762695312e-01
1.000000000000000000e+00,1.136877536773681641e-01
1.000000000000000000e+00,1.126945018768310547e-01
0.000000000000000000e+00,1.186809539794921875e-01
1.000000000000000000e+00,1.336426734924316406e-01
1.000000000000000000e+00,1.117010116577148438e-01
1.000000000000000000e+00,1.136934757232666016e-01
0.000000000000000000e+00,1.156964302062988281e-01
0.000000000000000000e+00,1.087100505828857422e-01
1.000000000000000000e+00,1.186819076538085938e-01
1.000000000000000000e+00,1.206717491149902344e-01
1.000000000000000000e+00,1.047136783599853516e-01
0.000000000000000000e+00,1.156864166259765625e-01
0.000000000000000000e+00,1.087124347686767578e-01
1.000000000000000000e+00,1.047194004058837891e-01
1.000000000000000000e+00,1.146912574768066406e-01
1.000000000000000000e+00,1.126968860626220703e-01
0.000000000000000000e+00,1.146898269653320312e-01
0.000000000000000000e+00,1.107032299041748047e-01
0.000000000000000000e+00,1.057195663452148438e-01
1.000000000000000000e+00,1.226711273193359375e-01
0.000000000000000000e+00,1.166880130767822266e-01
1.000000000000000000e+00,1.097056865692138672e-01
1.000000000000000000e+00,1.136913299560546875e-01
0.000000000000000000e+00,1.077089309692382812e-01
0.000000000000000000e+00,1.117014884948730469e-01
1.000000000000000000e+00,1.037192344665527344e-01
0.000000000000000000e+00,1.146914958953857422e-01
0.000000000000000000e+00,1.216750144958496094e-01
0.000000000000000000e+00,1.087105274200439453e-01
1.000000000000000000e+00,1.206765174865722656e-01
1.000000000000000000e+00,9.973478317260742188e-02
1.000000000000000000e+00,1.226699352264404297e-01
0.000000000000000000e+00,1.157279014587402344e-01
1.000000000000000000e+00,1.166844367980957031e-01
0.000000000000000000e+00,1.176838874816894531e-01
0.000000000000000000e+00,1.206762790679931641e-01
0.000000000000000000e+00,1.116890907287597656e-01
0.000000000000000000e+00,1.166849136352539062e-01
0.000000000000000000e+00,1.146941184997558594e-01
0.000000000000000000e+00,1.087064743041992188e-01
1.000000000000000000e+00,1.156926155090332031e-01
1.000000000000000000e+00,1.156938076019287109e-01
1.000000000000000000e+00,1.207089424133300781e-01
1.000000000000000000e+00,1.286177635192871094e-01
1.000000000000000000e+00,1.097083091735839844e-01
0.000000000000000000e+00,1.146941184997558594e-01
0.000000000000000000e+00,1.126949787139892578e-01
0.000000000000000000e+00,1.326401233673095703e-01
1.000000000000000000e+00,1.077120304107666016e-01
1.000000000000000000e+00,1.027245521545410156e-01
0.000000000000000000e+00,1.097083091735839844e-01
1.000000000000000000e+00,1.136968135833740234e-01
1.000000000000000000e+00,9.474444389343261719e-02
0.000000000000000000e+00,1.216769218444824219e-01
1.000000000000000000e+00,1.216745376586914062e-01
0.000000000000000000e+00,1.306512355804443359e-01
0.000000000000000000e+00,1.166868209838867188e-01
1.000000000000000000e+00,1.176860332489013672e-01
1.000000000000000000e+00,1.057162284851074219e-01
1.000000000000000000e+00,1.236681938171386719e-01
1.000000000000000000e+00,1.077115535736083984e-01
1.000000000000000000e+00,1.126987934112548828e-01
1.000000000000000000e+00,1.137061119079589844e-01
1.000000000000000000e+00,1.106956005096435547e-01
1.000000000000000000e+00,1.096706390380859375e-01
0.000000000000000000e+00,1.077115535736083984e-01
1.000000000000000000e+00,1.196787357330322266e-01
0.000000000000000000e+00,1.107068061828613281e-01
0.000000000000000000e+00,1.256632804870605469e-01
1.000000000000000000e+00,1.336400508880615234e-01
0.000000000000000000e+00,1.246657371520996094e-01
1.000000000000000000e+00,1.366355419158935547e-01
0.000000000000000000e+00,1.226699352264404297e-01
0.000000000000000000e+00,1.146950721740722656e-01
0.000000000000000000e+00,1.246676445007324219e-01
1.000000000000000000e+00,1.186823844909667969e-01
0.000000000000000000e+00,1.097090244293212891e-01
1.000000000000000000e+00,1.206717491149902344e-01
0.000000000000000000e+00,1.116971969604492188e-01
1.000000000000000000e+00,1.246643066406250000e-01
1.000000000000000000e+00,1.097006797790527344e-01
1.000000000000000000e+00,1.057178974151611328e-01
1.000000000000000000e+00,1.236684322357177734e-01
0.000000000000000000e+00,1.196804046630859375e-01
0.000000000000000000e+00,1.116969585418701172e-01
1.000000000000000000e+00,1.246657371520996094e-01
0.000000000000000000e+00,1.276545524597167969e-01
1.000000000000000000e+00,1.266615390777587891e-01
0.000000000000000000e+00,1.196792125701904297e-01
1.000000000000000000e+00,1.156911849975585938e-01
0.000000000000000000e+00,1.246654987335205078e-01
1.000000000000000000e+00,1.226751804351806641e-01
1.000000000000000000e+00,1.136877536773681641e-01
1.000000000000000000e+00,1.126949787139892578e-01
0.000000000000000000e+00,1.226742267608642578e-01
1.000000000000000000e+00,1.206731796264648438e-01
1.000000000000000000e+00,9.873676300048828125e-02
1.000000000000000000e+00,1.136951446533203125e-01
0.000000000000000000e+00,1.226716041564941406e-01
1.000000000000000000e+00,1.167240142822265625e-01
0.000000000000000000e+00,1.097040176391601562e-01
0.000000000000000000e+00,1.067080497741699219e-01
1.000000000000000000e+00,1.256644725799560547e-01
1.000000000000000000e+00,1.276581287384033203e-01
0.000000000000000000e+00,1.166908740997314453e-01
1.000000000000000000e+00,1.007313728332519531e-01
1.000000000000000000e+00,1.067147254943847656e-01
0.000000000000000000e+00,1.097071170806884766e-01
1.000000000000000000e+00,1.146883964538574219e-01
0.000000000000000000e+00,1.077051162719726562e-01
0.000000000000000000e+00,1.127014160156250000e-01
1.000000000000000000e+00,1.276602745056152344e-01
1.000000000000000000e+00,1.117019653320312500e-01
1.000000000000000000e+00,1.116969585418701172e-01
1.000000000000000000e+00,1.256651878356933594e-01
1.000000000000000000e+00,1.117055416107177734e-01
1.000000000000000000e+00,1.196813583374023438e-01
1.000000000000000000e+00,1.166882514953613281e-01
1.000000000000000000e+00,1.126985549926757812e-01
1.000000000000000000e+00,1.246690750122070312e-01
1.000000000000000000e+00,1.146922111511230469e-01
1.000000000000000000e+00,1.057174205780029297e-01
1.000000000000000000e+00,1.206655502319335938e-01
0.000000000000000000e+00,1.226716041564941406e-01
1.000000000000000000e+00,1.087079048156738281e-01
0.000000000000000000e+00,1.107034683227539062e-01
1.000000000000000000e+00,1.186816692352294922e-01
1.000000000000000000e+00,1.126947402954101562e-01
0.000000000000000000e+00,1.246616840362548828e-01
1.000000000000000000e+00,1.087107658386230469e-01
1.000000000000000000e+00,1.286568641662597656e-01
0.000000000000000000e+00,1.236636638641357422e-01
1.000000000000000000e+00,1.186802387237548828e-01
1.000000000000000000e+00,1.196775436401367188e-01
1.000000000000000000e+00,1.256601810455322266e-01
1.000000000000000000e+00,1.206765174865722656e-01
0.000000000000000000e+00,1.196823120117187500e-01
0.000000000000000000e+00,1.146960258483886719e-01
0.000000000000000000e+00,1.067125797271728516e-01
0.000000000000000000e+00,1.266605854034423828e-01
1.000000000000000000e+00,1.047172546386718750e-01
1.000000000000000000e+00,1.047201156616210938e-01
1.000000000000000000e+00,1.107029914855957031e-01
1.000000000000000000e+00,1.136982440948486328e-01
0.000000000000000000e+00,1.057169437408447266e-01
1.000000000000000000e+00,1.236703395843505859e-01
0.000000000000000000e+00,1.156914234161376953e-01
0.000000000000000000e+00,1.166887283325195312e-01
1.000000000000000000e+00,1.067121028900146484e-01
1.000000000000000000e+00,1.047186851501464844e-01
0.000000000000000000e+00,1.057190895080566406e-01
0.000000000000000000e+00,1.166868209838867188e-01
1.000000000000000000e+00,1.067144870758056641e-01
1.000000000000000000e+00,1.196787357330322266e-01
1.000000000000000000e+00,1.196784973144531250e-01
1.000000000000000000e+00,1.206769943237304688e-01
0.000000000000000000e+00,1.186811923980712891e-01
0.000000000000000000e+00,9.773755073547363281e-02
1.000000000000000000e+00,8.277654647827148438e-02
0.000000000000000000e+00,8.576846122741699219e-02
1.000000000000000000e+00,5.784583091735839844e-02
1.000000000000000000e+00,6.083655357360839844e-02
1.000000000000000000e+00,5.784606933593750000e-02
0.000000000000000000e+00,6.382942199707031250e-02
0.000000000000000000e+00,5.285716056823730469e-02
0.000000000000000000e+00,5.684709548950195312e-02
1.000000000000000000e+00,6.382799148559570312e-02
1.000000000000000000e+00,5.983901023864746094e-02
1.000000000000000000e+00,5.784511566162109375e-02
1.000000000000000000e+00,5.885076522827148438e-02
1.000000000000000000e+00,6.482434272766113281e-02
0.000000000000000000e+00,6.881594657897949219e-02
0.000000000000000000e+00,5.784416198730468750e-02
0.000000000000000000e+00,6.283116340637207031e-02
1.000000000000000000e+00,5.983734130859375000e-02
0.000000000000000000e+00,6.681871414184570312e-02
0.000000000000000000e+00,5.583786964416503906e-02
1.000000000000000000e+00,6.083369255065917969e-02
0.000000000000000000e+00,6.582331657409667969e-02
0.000000000000000000e+00,6.980681419372558594e-02
0.000000000000000000e+00,5.485343933105468750e-02
0.000000000000000000e+00,5.980372428894042969e-02
1.000000000000000000e+00,5.684375762939453125e-02
1.000000000000000000e+00,6.781864166259765625e-02
1.000000000000000000e+00,5.385041236877441406e-02
0.000000000000000000e+00,6.283044815063476562e-02
0.000000000000000000e+00,6.482815742492675781e-02
0.000000000000000000e+00,6.382417678833007812e-02
0.000000000000000000e+00,5.585002899169921875e-02
0.000000000000000000e+00,5.983972549438476562e-02
0.000000000000000000e+00,6.382822990417480469e-02
0.000000000000000000e+00,6.382822990417480469e-02
0.000000000000000000e+00,5.385470390319824219e-02
0.000000000000000000e+00,5.684638023376464844e-02
1.000000000000000000e+00,6.279063224792480469e-02
0.000000000000000000e+00,6.282901763916015625e-02
0.000000000000000000e+00,6.482887268066406250e-02
1.000000000000000000e+00,5.385422706604003906e-02
0.000000000000000000e+00,5.884337425231933594e-02
0.000000000000000000e+00,6.282997131347656250e-02
1.000000000000000000e+00,6.582164764404296875e-02
1.000000000000000000e+00,5.787968635559082031e-02
1.000000000000000000e+00,6.681823730468750000e-02
0.000000000000000000e+00,6.382441520690917969e-02
0.000000000000000000e+00,5.684757232666015625e-02
1.000000000000000000e+00,6.382894515991210938e-02
1.000000000000000000e+00,6.482720375061035156e-02
0.000000000000000000e+00,6.586742401123046875e-02
0.000000000000000000e+00,6.283092498779296875e-02
1.000000000000000000e+00,6.282854080200195312e-02
0.000000000000000000e+00,6.382656097412109375e-02
0.000000000000000000e+00,6.183362007141113281e-02
1.000000000000000000e+00,5.884122848510742188e-02
1.000000000000000000e+00,6.283187866210937500e-02
1.000000000000000000e+00,6.083679199218750000e-02
0.000000000000000000e+00,5.784559249877929688e-02
1.000000000000000000e+00,6.282591819763183594e-02
1.000000000000000000e+00,6.183481216430664062e-02
1.000000000000000000e+00,6.083559989929199219e-02
0.000000000000000000e+00,6.482911109924316406e-02
1.000000000000000000e+00,5.884647369384765625e-02
1.000000000000000000e+00,5.984115600585937500e-02
1.000000000000000000e+00,6.582069396972656250e-02
0.000000000000000000e+00,6.482815742492675781e-02
0.000000000000000000e+00,6.083798408508300781e-02
0.000000000000000000e+00,6.283283233642578125e-02
0.000000000000000000e+00,6.382751464843750000e-02
0.000000000000000000e+00,6.283187866210937500e-02
0.000000000000000000e+00,5.285596847534179688e-02
0.000000000000000000e+00,5.884265899658203125e-02
1.000000000000000000e+00,6.782197952270507812e-02
0.000000000000000000e+00,6.080055236816406250e-02
1.000000000000000000e+00,6.083703041076660156e-02
1.000000000000000000e+00,6.083869934082031250e-02
0.000000000000000000e+00,8.477187156677246094e-02
1.000000000000000000e+00,1.326434612274169922e-01
0.000000000000000000e+00,1.146876811981201172e-01
0.000000000000000000e+00,1.107044219970703125e-01
1.000000000000000000e+00,1.176831722259521484e-01
1.000000000000000000e+00,1.196794509887695312e-01
0.000000000000000000e+00,1.077065467834472656e-01
0.000000000000000000e+00,1.087009906768798828e-01
0.000000000000000000e+00,1.077117919921875000e-01
1.000000000000000000e+00,1.206738948822021484e-01
1.000000000000000000e+00,1.117019653320312500e-01
0.000000000000000000e+00,1.017284393310546875e-01
0.000000000000000000e+00,1.136977672576904297e-01
1.000000000000000000e+00,1.196784973144531250e-01
0.000000000000000000e+00,1.156904697418212891e-01
1.000000000000000000e+00,9.774160385131835938e-02
1.000000000000000000e+00,1.176843643188476562e-01
0.000000000000000000e+00,1.087107658386230469e-01
1.000000000000000000e+00,1.097061634063720703e-01
1.000000000000000000e+00,9.972882270812988281e-02
0.000000000000000000e+00,1.087093353271484375e-01
1.000000000000000000e+00,1.236667633056640625e-01
0.000000000000000000e+00,1.097006797790527344e-01
1.000000000000000000e+00,1.106951236724853516e-01
1.000000000000000000e+00,1.176822185516357422e-01
0.000000000000000000e+00,1.326396465301513672e-01
1.000000000000000000e+00,1.097085475921630859e-01
1.000000000000000000e+00,9.474253654479980469e-02
1.000000000000000000e+00,1.176834106445312500e-01
0.000000000000000000e+00,1.246650218963623047e-01
1.000000000000000000e+00,1.077108383178710938e-01
1.000000000000000000e+00,1.047220230102539062e-01
0.000000000000000000e+00,1.136980056762695312e-01
1.000000000000000000e+00,1.057198047637939453e-01
1.000000000000000000e+00,1.077105998992919922e-01
1.000000000000000000e+00,1.087038516998291016e-01
1.000000000000000000e+00,1.126976013183593750e-01
1.000000000000000000e+00,1.196832656860351562e-01
1.000000000000000000e+00,1.067092418670654297e-01
1.000000000000000000e+00,1.077065467834472656e-01
1.000000000000000000e+00,1.116995811462402344e-01
1.000000000000000000e+00,1.206803321838378906e-01
1.000000000000000000e+00,1.146953105926513672e-01
0.000000000000000000e+00,1.146895885467529297e-01
1.000000000000000000e+00,1.166892051696777344e-01
0.000000000000000000e+00,1.176826953887939453e-01
1.000000000000000000e+00,1.176817417144775391e-01
1.000000000000000000e+00,9.477901458740234375e-02
0.000000000000000000e+00,1.017541885375976562e-01
1.000000000000000000e+00,1.137251853942871094e-01
1.000000000000000000e+00,1.146926879882812500e-01
1.000000000000000000e+00,1.226732730865478516e-01
1.000000000000000000e+00,1.136915683746337891e-01
0.000000000000000000e+00,1.096725463867187500e-01
1.000000000000000000e+00,1.176807880401611328e-01
0.000000000000000000e+00,1.186673641204833984e-01
1.000000000000000000e+00,1.067159175872802734e-01
0.000000000000000000e+00,1.216735839843750000e-01
1.000000000000000000e+00,1.156885623931884766e-01
0.000000000000000000e+00,1.166841983795166016e-01
0.000000000000000000e+00,1.057202816009521484e-01
1.000000000000000000e+00,9.973168373107910156e-02
1.000000000000000000e+00,1.126575469970703125e-01
0.000000000000000000e+00,1.076881885528564453e-01
1.000000000000000000e+00,1.246650218963623047e-01
1.000000000000000000e+00,1.216745376586914062e-01
1.000000000000000000e+00,1.146910190582275391e-01
1.000000000000000000e+00,1.017262935638427734e-01
0.000000000000000000e+00,1.177163124084472656e-01
1.000000000000000000e+00,1.166830062866210938e-01
1.000000000000000000e+00,1.017274856567382812e-01
1.000000000000000000e+00,1.176712512969970703e-01
0.000000000000000000e+00,1.236712932586669922e-01
0.000000000000000000e+00,1.186432838439941406e-01
0.000000000000000000e+00,1.117005348205566406e-01
0.000000000000000000e+00,1.156904697418212891e-01
0.000000000000000000e+00,1.047172546386718750e-01
0.000000000000000000e+00,1.037259101867675781e-01
0.000000000000000000e+00,1.166875362396240234e-01
1.000000000000000000e+00,1.097061634063720703e-01
1.000000000000000000e+00,1.077096462249755859e-01
1.000000000000000000e+00,1.166849136352539062e-01
1.000000000000000000e+00,1.117005348205566406e-01
0.000000000000000000e+00,1.047158241271972656e-01
0.000000000000000000e+00,1.156926155090332031e-01
1.000000000000000000e+00,1.246271133422851562e-01
0.000000000000000000e+00,1.256618499755859375e-01
0.000000000000000000e+00,1.097061634063720703e-01
0.000000000000000000e+00,1.097040176391601562e-01
1.000000000000000000e+00,1.057152748107910156e-01
1.000000000000000000e+00,1.077399253845214844e-01
0.000000000000000000e+00,9.773588180541992188e-02
1.000000000000000000e+00,1.097030639648437500e-01
0.000000000000000000e+00,1.087086200714111328e-01
0.000000000000000000e+00,1.086933612823486328e-01
1.000000000000000000e+00,1.117043495178222656e-01
1.000000000000000000e+00,9.972786903381347656e-02
1.000000000000000000e+00,1.136839389801025391e-01
0.000000000000000000e+00,9.972810745239257812e-02
0.000000000000000000e+00,1.097059249877929688e-01
0.000000000000000000e+00,1.007325649261474609e-01
0.000000000000000000e+00,1.156847476959228516e-01
0.000000000000000000e+00,9.374904632568359375e-02
1.000000000000000000e+00,1.117002964019775391e-01
0.000000000000000000e+00,1.186821460723876953e-01
0.000000000000000000e+00,1.196775436401367188e-01
0.000000000000000000e+00,1.007616519927978516e-01
0.000000000000000000e+00,1.116991043090820312e-01
1.000000000000000000e+00,1.186814308166503906e-01
1.000000000000000000e+00,1.037228107452392578e-01
1.000000000000000000e+00,1.037220954895019531e-01
1.000000000000000000e+00,1.186802387237548828e-01
0.000000000000000000e+00,1.116950511932373047e-01
0.000000000000000000e+00,1.186821460723876953e-01
1.000000000000000000e+00,1.027274131774902344e-01
0.000000000000000000e+00,1.067156791687011719e-01
1.000000000000000000e+00,1.186833381652832031e-01
1.000000000000000000e+00,1.007301807403564453e-01
0.000000000000000000e+00,1.097037792205810547e-01
0.000000000000000000e+00,1.126964092254638672e-01
1.000000000000000000e+00,1.126985549926757812e-01
0.000000000000000000e+00,1.037180423736572266e-01
1.000000000000000000e+00,1.047224998474121094e-01
1.000000000000000000e+00,1.156904697418212891e-01
1.000000000000000000e+00,1.087086200714111328e-01
1.000000000000000000e+00,1.037194728851318359e-01
1.000000000000000000e+00,9.674191474914550781e-02
1.000000000000000000e+00,1.077075004577636719e-01
1.000000000000000000e+00,1.176815032958984375e-01
1.000000000000000000e+00,1.176853179931640625e-01
0.000000000000000000e+00,9.574460983276367188e-02
0.000000000000000000e+00,1.156868934631347656e-01
0.000000000000000000e+00,1.126935482025146484e-01
0.000000000000000000e+00,1.107013225555419922e-01
0.000000000000000000e+00,1.066977977752685547e-01
1.000000000000000000e+00,1.027183532714843750e-01
1.000000000000000000e+00,1.156885623931884766e-01
0.000000000000000000e+00,1.106927394866943359e-01
1.000000000000000000e+00,1.156916618347167969e-01
1.000000000000000000e+00,1.146931648254394531e-01
1.000000000000000000e+00,1.156809329986572266e-01
1.000000000000000000e+00,1.316423416137695312e-01
0.000000000000000000e+00,1.146848201751708984e-01
1.000000000000000000e+00,1.057181358337402344e-01
0.000000000000000000e+00,1.156909465789794922e-01
1.000000000000000000e+00,1.166913509368896484e-01
0.000000000000000000e+00,9.972810745239257812e-02
1.000000000000000000e+00,1.176846027374267578e-01
1.000000000000000000e+00,1.017284393310546875e-01
1.000000000000000000e+00,1.136972904205322266e-01
1.000000000000000000e+00,1.117014884948730469e-01
0.000000000000000000e+00,1.116998195648193359e-01
1.000000000000000000e+00,1.156895160675048828e-01
1.000000000000000000e+00,1.186802387237548828e-01
1.000000000000000000e+00,1.027262210845947266e-01
1.000000000000000000e+00,1.017284393310546875e-01
1.000000000000000000e+00,1.057178974151611328e-01
1.000000000000000000e+00,1.077330112457275391e-01
1.000000000000000000e+00,9.375000000000000000e-02
1.000000000000000000e+00,1.156976222991943359e-01
0.000000000000000000e+00,9.973144531250000000e-02
1.000000000000000000e+00,1.156902313232421875e-01
1.000000000000000000e+00,1.156930923461914062e-01
0.000000000000000000e+00,1.146919727325439453e-01
1.000000000000000000e+00,1.146950721740722656e-01
0.000000000000000000e+00,1.057155132293701172e-01
0.000000000000000000e+00,1.057181358337402344e-01
0.000000000000000000e+00,1.196384429931640625e-01
1.000000000000000000e+00,1.107017993927001953e-01
1.000000000000000000e+00,1.027233600616455078e-01
1.000000000000000000e+00,9.773778915405273438e-02
0.000000000000000000e+00,1.196782588958740234e-01
0.000000000000000000e+00,1.156945228576660156e-01
0.000000000000000000e+00,1.087079048156738281e-01
1.000000000000000000e+00,1.117036342620849609e-01
1.000000000000000000e+00,1.047208309173583984e-01
1.000000000000000000e+00,1.146929264068603516e-01
1.000000000000000000e+00,1.106977462768554688e-01
1.000000000000000000e+00,1.087048053741455078e-01
1.000000000000000000e+00,1.007297039031982422e-01
1.000000000000000000e+00,9.773707389831542969e-02
1.000000000000000000e+00,1.136913299560546875e-01
1.000000000000000000e+00,9.872889518737792969e-02
1.000000000000000000e+00,1.107041835784912109e-01
1.000000000000000000e+00,1.007308959960937500e-01
0.000000000000000000e+00,9.574389457702636719e-02
1.000000000000000000e+00,1.107032299041748047e-01
1.000000000000000000e+00,1.107034683227539062e-01
0.000000000000000000e+00,1.206312179565429688e-01
0.000000000000000000e+00,1.097068786621093750e-01
1.000000000000000000e+00,1.166894435882568359e-01
0.000000000000000000e+00,1.087105274200439453e-01
0.000000000000000000e+00,1.056754589080810547e-01
1.000000000000000000e+00,9.973049163818359375e-02
1.000000000000000000e+00,1.067142486572265625e-01
1.000000000000000000e+00,9.673929214477539062e-02
1.000000000000000000e+00,1.097054481506347656e-01
0.000000000000000000e+00,9.973716735839843750e-02
1.000000000000000000e+00,1.126971244812011719e-01
1.000000000000000000e+00,1.196706295013427734e-01
1.000000000000000000e+00,1.117012500762939453e-01
1.000000000000000000e+00,1.126983165740966797e-01
1.000000000000000000e+00,1.186828613281250000e-01
0.000000000000000000e+00,1.077234745025634766e-01
0.000000000000000000e+00,1.007268428802490234e-01
0.000000000000000000e+00,1.296522617340087891e-01
0.000000000000000000e+00,1.116998195648193359e-01
0.000000000000000000e+00,1.176869869232177734e-01
0.000000000000000000e+00,1.166849136352539062e-01
0.000000000000000000e+00,1.037220954895019531e-01
0.000000000000000000e+00,1.097016334533691406e-01
0.000000000000000000e+00,1.117036342620849609e-01
0.000000000000000000e+00,1.097040176391601562e-01
1.000000000000000000e+00,9.773349761962890625e-02
1.000000000000000000e+00,1.196815967559814453e-01
0.000000000000000000e+00,1.146905422210693359e-01
0.000000000000000000e+00,1.067152023315429688e-01
0.000000000000000000e+00,1.007289886474609375e-01
1.000000000000000000e+00,1.186804771423339844e-01
1.000000000000000000e+00,1.156895160675048828e-01
0.000000000000000000e+00,1.087052822113037109e-01
1.000000000000000000e+00,1.126964092254638672e-01
0.000000000000000000e+00,1.027631759643554688e-01
1.000000000000000000e+00,1.136939525604248047e-01
1.000000000000000000e+00,1.166889667510986328e-01
1.000000000000000000e+00,1.196801662445068359e-01
1.000000000000000000e+00,1.156880855560302734e-01
1.000000000000000000e+00,1.107008457183837891e-01
0.000000000000000000e+00,1.146903038024902344e-01
1.000000000000000000e+00,1.156909465789794922e-01
1.000000000000000000e+00,9.773802757263183594e-02
0.000000000000000000e+00,2.243976593017578125e-01
1.000000000000000000e+00,1.117019653320312500e-01
1.000000000000000000e+00,1.067123413085937500e-01
1.000000000000000000e+00,1.176850795745849609e-01
0.000000000000000000e+00,1.136939525604248047e-01
1.000000000000000000e+00,1.156907081604003906e-01
